"DESCRIPTION","DURATION IN MS","NAME","PARENT SUITE","START TIME","STATUS","STOP TIME","SUB SUITE","SUITE","TEST CLASS","TEST METHOD"
"","337","@regression @smoke GET API - get all users","chromium","2026-10-01","passed","2026-10-01","running e2e crud api test cases","api/users.apifixture.spec.ts","",""
"","756","@smoke get all users - schema test","chromium","2026-10-01","passed","2026-10-01","","api/users.api.schemavalidation.spec.ts","",""
"","2687","@smoke registration page header test","chromium","2026-10-01","passed","2026-10-01","","registrationfix.spec.ts","",""
"","3240","@smoke search box exist or not on home page","chromium","2026-10-01","passed","2026-10-01","","homepagefix.spec.ts","",""
"","3","@smoke GET - albums data test","chromium","2026-10-01","skipped","2026-10-01","","api/spotify.oauth2.api.spec.ts","",""
"","4646","@smoke verify product header","chromium","2026-10-01","passed","2026-10-01","","productinfo.spec.ts","",""
"","2075","@smoke search box exist or not on login page","chromium","2026-10-01","passed","2026-10-01","","loginpagefix.spec.ts","",""
"","2091","@smoke forgot password link test","chromium","2026-10-01","passed","2026-10-01","","loginpagefix.spec.ts","",""
"","4042","@smoke registration page account creation test","chromium","2026-10-01","passed","2026-10-01","","registrationfix.spec.ts","",""
"","3409","@smoke search box exist or not on product page","chromium","2026-10-01","passed","2026-10-01","","productinfo.spec.ts","",""
"","3333","@smoke App logo exist or not on product page","chromium","2026-10-01","passed","2026-10-01","","productinfo.spec.ts","",""
"","2045","@smoke login page title test","chromium","2026-10-01","passed","2026-10-01","","loginpagefix.spec.ts","",""
"","0","@smoke Cart exist or not on registration page","chromium","2026-10-01","skipped","2026-10-01","","registrationfix.spec.ts","",""
"","3115","@smoke Footer Links exist or not on product page","chromium","2026-10-01","passed","2026-10-01","","productinfo.spec.ts","",""
"","2921","@smoke logout link exists test","chromium","2026-10-01","passed","2026-10-01","","homepagefix.spec.ts","",""
"","2958","@smoke App logo exist or not on home page","chromium","2026-10-01","passed","2026-10-01","","homepagefix.spec.ts","",""
"","1","@smoke App logo exist or not on registration page","chromium","2026-10-01","skipped","2026-10-01","","registrationfix.spec.ts","",""
"","1657","@smoke get a single user - schema test","chromium","2026-10-01","passed","2026-10-01","","api/users.api.schemavalidation.spec.ts","",""
"","0","@smoke search box exist or not on registration page","chromium","2026-10-01","skipped","2026-10-01","","registrationfix.spec.ts","",""
"","0","@smoke home page title test","chromium","2026-10-01","skipped","2026-10-01","","homepage.spec.ts","",""
"","2898","@smoke Footer Links exist or not on home page","chromium","2026-10-01","passed","2026-10-01","","homepagefix.spec.ts","",""
"","3504","@smoke Cart exist or not on product page","chromium","2026-10-01","passed","2026-10-01","","productinfo.spec.ts","",""
"","2189","@smoke App logo exist or not on login page","chromium","2026-10-01","passed","2026-10-01","","loginpagefix.spec.ts","",""
"","2175","@smoke returning customer header present test","chromium","2026-10-01","passed","2026-10-01","","loginpagefix.spec.ts","",""
"","2289","@smoke Footer Links exist or not on login page","chromium","2026-10-01","passed","2026-10-01","","loginpagefix.spec.ts","",""
"","0","@smoke home page headers exists test","chromium","2026-10-01","skipped","2026-10-01","","homepage.spec.ts","",""
"","0","@smoke logout link exists test","chromium","2026-10-01","skipped","2026-10-01","","homepage.spec.ts","",""
"","0","@smoke Footer Links exist or not on registration page","chromium","2026-10-01","skipped","2026-10-01","","registrationfix.spec.ts","",""
"","3","@smoke @regression GET API - get all booking ids","chromium","2026-10-01","skipped","2026-10-01","running e2e crud api test cases","api/bookers.apifixtures.spec.ts","",""
"","3204","@smoke home page title test","chromium","2026-10-01","passed","2026-10-01","","homepagefix.spec.ts","",""
"","2132","@smoke Cart exist or not on login page","chromium","2026-10-01","passed","2026-10-01","","loginpagefix.spec.ts","",""
"","3292","@smoke Cart exist or not on home page","chromium","2026-10-01","passed","2026-10-01","","homepagefix.spec.ts","",""
"","5020","@smoke verify shopping cart header","chromium","2026-10-01","passed","2026-10-01","","shoppingcart.spec.ts","",""
